{"onset_trigger": 0.5, "weights": [1.50000001, 1.1, 1.6, 1.7, 1.2000025114180595], "onset_height": 0.5}